id,size,box_rows,box_cols,difficulty,puzzle,solution
4x4-easy-01,4,2,2,easy,4......22.311.24,4213314224311324
4x4-easy-02,4,2,2,easy,.4.....4.1434.12,3421123421434312
4x4-easy-03,4,2,2,easy,432..2...143.4..,4321123421433412
4x4-medium-01,4,2,2,medium,..1.1..242....2.,2413134242313124
4x4-medium-02,4,2,2,medium,.23.3.1...41....,1234341223414123
4x4-medium-03,4,2,2,medium,3.....4.1..44.1.,3421214312344312
4x4-hard-01,4,2,2,hard,43.....3.21.....,4321214332141432
4x4-hard-02,4,2,2,hard,.123.....2.1....,4123231432411432
4x4-hard-03,4,2,2,hard,...2.4...1.4..3.,1342241331244231
9x9-easy-01,9,3,3,easy,3.648.571.....1.6..8.7..9...29673.....7...3.981.5.472626534918..3..15...9...6....,396482571572931468184756932429673815657128349813594726265349187738215694941867253
9x9-easy-02,9,3,3,easy,2.84.....3.752...6.6....9..9812...7.7.3.5.8..45.3....11.2.3578.6.9..2.5.835971..2,218496537397528416564713928981264375723159864456387291142635789679842153835971642
9x9-easy-03,9,3,3,easy,98.3.5.1..2..86.79..6.298...9...418.4..513.272..7.85..84.9..75....6.729..7..5..3.,984375612125486379736129845597264183468513927213798564842931756351647298679852431
9x9-medium-01,9,3,3,medium,.2..4.9.146..9..2..1....47..53.......746298....243.6.....31...9....7.16.....6.73.,325746981467891325918253476653187294174629853892435617786312549239574168541968732
9x9-medium-02,9,3,3,medium,..2.............4.1.9.4285...6.7...4.5.8.93.683..6459..2.4..1.8..3....67..17...2.,542387619368951742179642853916573284254819376837264591725496138483125967691738425
9x9-medium-03,9,3,3,medium,3.9...7..67.4..2.32.4..6..9..6..9....2.1..6..53.2.8..4..23..4..49..2.8.7....84...,359812746671495283284736159146579328928143675537268914862357491495621837713984562
9x9-hard-01,9,3,3,hard,.6.4...52.32..849..9.7.2...38...6....4...19..57....1......2.8.1.......2.......57.,168493752732158496495762318381976245246531987579284163954627831817345629623819574
9x9-hard-02,9,3,3,hard,.2.6....1..5.8.6...3...1.9.9..1...5387..2....5..36......6..3.2..8....1......46.8.,728639541195487632634251798962174853873925416541368279456813927387592164219746385
9x9-hard-03,9,3,3,hard,....1...6...4.638.95..2...12495.......3.......7...8..9..51..8..1..3......84..9..3,438715926712496385956823471249571638863942157571638249325167894197384562684259713
16x16-easy-01,16,4,4,easy,.....C5G.71...E.5..489DE..BA..F6....4.1.8.F..7G.1.B..7A.E.4.852..7D3.....4..2.B......2...B...E.AB4F....D2.....5...95..EB6D78C..G.3..G..AB15E7...714..8F.3..D5.AE8...7D..FA96....CBA..E3..8G4.D...98E.BGC4..7.F12ACG.1.2...D....5...7.6.3.F8..G.B..1..54.CE2.9.83,683FBC5GD7124AE9527489DEGCBA31F69DEA431286F5B7GC1GBC67AFE943852DE7D3CG6954AF28B1G6C852741B39FEDAB4F13A8D2GEC69572A95F1EB6D78C34GF36DG4CAB15E7298714G98F632CD5BAE8E527DB1FA96GC34CBA92E3578G41D6F398EDBGC4567AF12ACG61F2893DBE4754527E693AF81DGCBDF1BA547CE2G9683
16x16-easy-02,16,4,4,easy,E...8594B.3.1.C.F481C...9.D....A753.1A..FC4.6....C92...G718.D.43.3....51.......C..2B.C4A.....D1F..C83D....1BAG...F..E.B.C...3.7.CD.A7F..G5...361..E.B4.6D.F1.......3A.1.....9BFD1G.FD9CE8....7...B.D9.6.12G..C.4..7E..DC.F...63G.....3A.E.C.7859..F.4..B.8.3....,EAD68594BG321FC7F481CB7396D5G2EA753G1A2DFC4E698BBC92F6EG718AD54393A7G2514D6F8EBCGE2B6C4A39785D1F46C83DF75E1BAG92DF15E8B9CA2G3476CD4A7F82G5B9E36152E9B436D7F1CAG88763AG1524EC9BFD1GBFD9CE83A647253B5D9E6812G7FCA4287E51DCAF94B63G61G423AFEBCD7859A9FC47GB685321DE
16x16-easy-03,16,4,4,easy,...2DG...4..16.B63...C...5....4..4.8.BF2C..6..D..A...6548..9.7.2.7B6...5..83.49...A593.....D.F6139C16.4D.E...B...D2...GC.91B.A5..28....3.7.4G9.6.1...29.3.6CFD.79.F.G.C7D..1B.A.DB7..........C83..4.7.....2F..B8B...4E.85..G6........13....89EG5.867C...BD3.41FA,C592DG8AE4F7163B63GBEC7915D2A84F74E81BF2C3A65GD9FA1D36548BG9E7C2E7B62A15GF83D49C8GA593BE2C4D7F6139C16F4D7E5A8B2G4D2F87GC691B3A5EA28C5DE3F7B4G916G154A29B386CFDE796F3G8C7D2E1B5A4DB7EF461AG952C831E4G75D69A2FC3B8BF394EA851CG627D2CDAB13F46789EG55867C92GBD3E41FA
16x16-medium-01,16,4,4,medium,.......72BA15.....58..4.76...BC.3........8....G7B...8..2.F....4.8F36..DB..EG...55.7C..F...D....B..BD3.9.1...7C..4..9.E1....B...6....DC..........1.GEA.7.....4.F.9...1..8.C..652G...5.264..8...A1..E.73..6.C..2.....4.G8..2.A.....7......D.58FG3.258.CD..3EG7..B.,EC4G9F372BA15D68F958G14D763EABC23D12EAB6584C9FG7B6A785C2GF9DE1438F3647DBCAEG2915517C28FA93D6G4EBAEBD369G14257C8F4G295E1C87FB3AD668FADCG34512BE7912GEA975BD6348FC94D31BE8AC7F652G7BC5F264EG89D3A1GAEB735F61C4829DD3946G81F2BAC75EC761B42ED958FG3A258FCDA93EG716B4
16x16-medium-02,16,4,4,medium,..3.G..E6A.5.C.7.G...4.DC.8....9..........475.3.87A.......G......9..21..7...D.4....G.6..DE..85..23..E...16F4.......5..F.....2E.1..7.6BD9G..A43E55.B....1F..2G.6.4.G6.F..E7D.....DA.1.E.254....8..4.E.3.C89..7B16...2D8.B....A9....F79.........D.......47.F......,9D34G28E6A15FCB76G5B347DC28FE1A9E12FCAB69D475G3887AC591F3BGE6D24C9EA213G75B8D64FBF1GA694DE2C8573238DE7C516F49AGB7645BDF8AG392EC1F2786BD9G1CA43E55EB34CA1F892G76D4CG68F53E7DB129ADA917EG25463BF8CA4DEF32C895G7B1615C2D8EB4376A9FGG8F7956ABCE134D23B691G472FADC85E
16x16-medium-03,16,4,4,medium,.D.6....E49..F.8.9....3...2.4C......8..6.7F3.95.2.B...FG..A8...7............AG95...8.B....E4.6....6.F...395C24..C..E.7....D.3B1...1A3.7.C6.D...9B38.DE9F...A.76G..5F..C...G...........1A..B.C...64..A3..1.7F.E..5.....E9...2.DC4.A...D...E.9.8....E2.6......F..1,3DA61C27E495GFB889F7B53E612G4CDA1CG48AD6B7F3E9522EB549FGDCA86137DF23E46C8B17AG95A1982B53FGE4D67C7G6BF1AD395C248EC54E97G82AD63B1FE21A3G74C68DB5F9B38CDE9F524A176G475F62CB93G18AEDG6D9581A7FBEC24364CDA382157F9EGB5B31GFE9A8627DC4FA7GCDB14E39582698E27645GDCBF3A1
16x16-hard-01,16,4,4,hard,..85C.63B.D..G...3...4...5..769...D...B.......14.....5..9..1.C..G..7.....43....83....GE...F81...2DA..8.5C.....3..F18....D..B2...F.C...174.........5.B..F.6....D.7....A.C8G.56.EF94E..6..F...G..1.A.9..G...2.3B.E.....27E...68.5G....FC.8...D....5..GDB..1.7.A.F.,E185C963B7D4FG2AC3GF84D1A5E2769BA9D27FBG638C5E14B764E5A29FG1DC83G5B71DCA2439EF68369C2GEB7AF8154D2DAE48F5C16GB9374F183796DE5B2AGCF2C6GE174DB398A58G51B34FE69AC7D27B3D9A2C8G1564EF94EA568DF2C7G3B1DA7961G4582F3BCE1CFBA27E39468D5G6E23FC58GBAD4179584GDB391C7EA2F6
16x16-hard-02,16,4,4,hard,.2F.G..C.D...B.1G...E6D.5.C8.F.7.B6.8...A7...5.......5.32.F...8G..C...A.8..5G7..8...C7...3....B..5E.3..1CF.42.......D..8..9E6.....9...........1....E.D...2.....4....9.2G..1C.6EAB...A.E.7..DC....C8.....65.....BD.214......A..3.3.5.FA.E.........A...C.D.9.17G48,52F8G47CED39AB61G314E6DA5BC89F279B6C8F12A74G35DEAED7B59321F64C8GF1CD2EA486B5G79384A9C765D3G2E1BF65EB39G1CF7428AD2G73DBF81A9E645CCF9A7846GE53BD1216GE5DCB92AF83747D45932GB81CF6EAB832A1EF746DC9G54C8G123965E7DAFBD9214GB7FC8A5E363756FA8E4GDB12C9EABF6C5D39217G48
16x16-hard-03,16,4,4,hard,.1...6.EC.G...4.D..8..B...1.7......43.....7..B5F.EF7.9C8D.5..G1..........D9..AECC..6.4.1.....9D....E..6.....4.F8..4..D.76B..5...B7...G.CA8......6...4.5..F...8.A..35..8..6.....B.G..A....7DE....58...C.2........G..B.......8...1.42.G..D..B73...F.7..3..1.....9.,A1B9567EC3GF824DD5G8FAB429167EC32C6431DG8E7A9B5F3EF729C8D45BAG167F1GB8234D956AECC256E4G1FA83B9D79BDEC56A712G43F8834A9DF76BEC51G2B79FDG3CA842156E6DEC4259BF31G87A1A357E8FG6C9D42B4G82AB1657DECF3958A31C92EG6DF7B4G9CB674532F8EDA1E421GFAD9CB73685F67D83EB15A42C9G
25x25-easy-01,25,5,5,easy,GDH...1..F98..3.5.AK..7...EP.K.B...1I.H.LM9....3J...6.I...K9G..4.E.1.JA.FC.9....CH..M2.L5K4...7.D.B1...JA..LO..C.N.....P..K...PLO.A..3.D......B.6HEM.F.F.G1OI2.KJ..A..3....P..B3.B.E..9....I.....MG1L.4..J....4B7D......2.9.CG.N3K....F......G3BACH.8..I..EHK6..9...F.C.D.8.74N..OGF...D7.8...93M.NH.C1.KJ....J...P3E.....5.....97.FCM.18.D....BAK67ILPG...H.E4..3O...C..NJG..E2K5.8..I745K...J2..L..A..IEMFC...H9O..L.K.E...8.P1..3G6BA7.IN..MCA.7K.1...B.F...E.9.1DL.9.F6..G.....74.KM5.PA3F..P.H4..76B.8K5.C..2L...EB.JM7.283HI..D.1.6......G1....9A5...J..6...NCE...7ANE.61.L..F.M9G8IDBP.H.6M....4BHAP........L..72D.....L..5.B2E6..APH.O4..,GDH4B61NJF98MP3O5CAKE27ILCEP7K4BGD81IAHFLM962O53JNL865I27PK9GDB4OEN13JAHFCM9O3NFCHEAM2JL5K4G8I7PD6B11M2JA35LOI6C7NEBFDHP89KG42PLO7AG53CD4NK81IBJ6HEM9F5FCG1OI2HKJE9AMD34LN7P86B3ABDE869NJH5IC27PFMG1LO4KIJ8HM14B7DO6FLP52K9ECGAN3KN496FEMLP71G3BACHO82JID5EHK6P59IMBF2C1DJ8374NALOGFBAID728GLE93M4NHOC15KJP6NGJ2LKP3E4IH8O56AMDB971FCMC185DJOFNBAK67ILPG943H2E4793OHA1C6PNJGLFE2K5B8DMI745KGB8J213LPDA96IEMFCNHOH9OMCLDKIE4F58NP1J23G6BA76INP8MCA57KO12HGBLFDJ4E39B1DL29NF63CGEJIHO74AKM58PA3FEJPOH4GM76B98K5NCI12LDO5EB4JM7P283HIGCDN1L6F9KAPLG1HIKD9A5MO7J246BF3NCE8J27ANE361OLK4FCM9G8IDBP5H86MC3NF4BHAPD91KJE5OLIG72DKIF9GLC85NB2E637APHMO41J
25x25-easy-02,25,5,5,easy,8FBC5H9A.O.71ED.34.G...L.L.3NP.D47K.2.F.I1B.....H...D.415E..G...8OFC.H6..NA..7AK.L8G3OB..9P6....F..4..691I.....NA.4...K....P....OE9KDC...J..7G..FBA.I5..5...B.4.PO.G.1.ND.2.7..M.2.BE...7..5CHAIK......PC..G...P.J.1EI.3.L...H.4...IFL.H2..KD.7..MPJ53..O.O4.P..IBL..6....827...C.F..M5C2N.38.I.JFL....P......H697ECD5.A.1GM4F..KN..O.7.I.G...H..4OPCJA....8.3F1N83.4..AME.5.H..BD.......1....GH.A3FN.BPJ6O.DK.....D.......C..B.5..34.H8....K.O3..D4L..J....27...1..C.....92E..PIF...4.J.M.BP...5...1.K....D.IC.36.....7IL.O.NF..A5.9...8E.B.P......H....32..A.C..M.6952.LF.7.8.......B.MI1O..J4..BOA...ELG..12N8PK5I...6.9...J..PI8.BE.H......3.,8FBC5H9APO671EDJ34NGIK2LMLO3NP6D47K52CFMI1BEAJ89HGIMD2415EJBGPKL8OFC9H673NAEJ7AKNL8G3OBIH9P652MCF1D4HG691I2MFCJNA34DL7K8OB5PE13POE9KDCLN4J827G6HFBAMI5A65HJ3BF4IPOMGL1CNDE297K8M824BE1N673F5CHAIKO9DGLJPCDKG7MOP5J91EIA32L8BFHN46N9IFL8H2AGKDB764MPJ531EOCO4EPGJIBLMD6NK398271H5CAFKAM5C2N938HI7JFLOEG6P4B1DJBH697ECD58AL1GM4F3PKNI2OD7LI2GF1KHB94OPCJA5NM68E3F1N83P46OAME25CHKIBDGLJ972L1E8CMGH4A3FN7BPJ6O9DK5I7IODAFPJE61CGMBK59L342H8N95FKHO3IBD4L86JNEMA27PGC1GNC36K8L92E5DPIF7H14AJOMBBP4JM5A7N12KH9O8DGICE36FL3HG7ILCO2NFMPA56914J8EDBKPE81DBGHIF7J32K5AOCLNM46952ALFD7K89CH64NEB3MI1OPGJ4CJBOA63MELG9D12N8PK5IF7H6K9MN4J51PI8OBEGHDF7LCA32
25x25-easy-03,25,5,5,easy,26.O..4L.3A5DC....M.B7K.......N..A9...3.H.5..CP....G...D.C6.....FLP7KEO..85..5A.1.M.J.I.OK.B..9.L42...K.....5BHG.MP2.A4.J9N6..I.27.5.ON...JB6.FAL.H..MKN.6.G7...4......8B.1......B.AMJD9.K..6G.2EC.F.73..J....3..AI...27OMN.L...B4L..PBCFE.NM..DJ...K.AI5.L3DG6.19K....2.M.H..NO.4I8...C....D.4..I..O.GA...J.4..2.N.P.6.G7..3..85EH.L.O.KH8..M..D...E.P.6..F.795IFE3.J7.C..1H...2.8G.M.D.4....O.1B.HE..G.3.K....6..E3P.H.C2..G1.I..7..O..NK.IJ.L54F..M.78E...3D.A...2COI.3.7...5.A..JB..G...81HB2AE....3...L.F.75....C..N.....E3I.5K....H.2.AIP64G.O82.J...N5H.E3DM......B......P7..C.M.O..KJ.3A27M......G.OD...6.I.F.....O.L7.4C..26....J.FI.59.,26PO9H4L83A5DCE1NGMJB7KIF7BEJ4NFKA9L1236H85IOCPMDG1GHNMD2C6I9J4BFLP7KEO3A85CF5A81PMGJ7INOKDB369EL42H3DKLIOE75BHG8MP2FA4CJ9N61EIC27451ON3P9JB6DFALGH8KMKNM6FG7IL24ECAO358BH1J9PDOHB5AMJD98KL16GI2ECPFN734GJ9D1K3PHAIF5827OMN4LC6EB4L38PBCFE6NM7HDJ91GK2AI5OL3DG6C19KEF8B2AMJH75NOP4I87NPC5H2FDM4ELI9KO1GA63BJM4J12ANBPO6KG79F3ID85EHCLBOAKH8IGM45DJN3ECPL692F1795IFE36J7LCOP1HB4N2A8GDMKDM47598ON1BAHEJPGC32KILF66ALE3PKHBC29FG1NID57M4OJ8NKGIJ6L54FOCMP78E9H13DBA2F92COIM3D78NK5LA64JBP1GHEP81HB2AEJGD63I4OLKFM75CN9JCF9NLG61ME3I45K7BPDH82OAIP64GFO82KJBA9N5HLE3DM17C518BDE9AIHP7LFC4M2ON6KJG3A27MKJBN35GHOD8C169I4FELPHEO3L7D4CP126KMGAJ8FIB59N